creState,runState
0.0002705000006244518,0.020156200000201352
0.00027740000223275274,0.022458100000221748
0.0002499999973224476,0.023181600001407787
0.000889300001290394,0.023048899998684647
0.0002736999995249789,0.02102079999895068
0.0002519000008760486,0.020858700001554098
0.0002677999982552137,0.023003300000709714
0.0002004000016313512,0.022865299997647526
0.0004011000019090716,0.020146399998338893
0.00028190000011818483,0.02166919999945094
0.00019420000171521679,0.02320250000047963
0.00021950000154902227,0.02106179999827873
0.019769900001847418,0.015289499999198597
0.020033799999509938,0.015101199998753145
0.019413199999689823,0.016107500003272435
0.019572999997762963,0.01590570000189473
0.020077400000445778,0.015406799997435883
0.019535600000381237,0.01630230000228039
0.019859699998050928,0.015948299998854054
0.01972369999930379,0.016199099998630118
0.019927499997720588,0.015999000002921093
0.019577499999286374,0.01663629999893601
0.020147600000200327,0.016059599998698104
0.019899499999155523,0.016477299999678507
0.036092800000915304,0.014735699998709606
0.03601109999726759,0.01500339999984135
0.035412500001257285,0.015795799998159055
0.03549040000143577,0.015749700000014855
0.03518139999869163,0.016158499998709885
0.034986999999091495,0.016439700000773882
0.03571219999867026,0.017840100001194514
0.03561930000068969,0.018918900001153816
0.0355928999997559,0.019153299999743467
0.03582359999927576,0.01890780000030645
0.03526159999819356,0.019663700000819517
0.035096100000373553,0.01993170000059763
0.0546238999995694,0.017217600001458777
0.05458640000142623,0.017404700000042794
0.05454390000159037,0.019057400000747293
0.054502500002854504,0.019210099999327213
0.05444129999887082,0.019337500001711305
0.053573299999698065,0.020266200001060497
0.05110889999923529,0.02753099999972619
0.051078899999993155,0.031040000001667067
0.07191989999773796,0.010473599999386352
0.05094640000243089,0.031720799997856375
0.05102210000040941,0.03167679999751272
0.051052499999059364,0.031706300000223564
0.050991799998882925,0.031902200000331504
0.08230059999914374,0.015932600002997788
0.08248309999908088,0.01583540000137873
0.07361540000056266,0.024929299997893395
0.082337899999402,0.01616410000133328
0.07844859999750042,0.020334100001491606
0.08240459999797167,0.01639160000195261
0.07363910000276519,0.02534379999997327
0.07357709999996587,0.02558080000017071
0.08190040000044974,0.01721900000120513
0.0822591000032844,0.017021799998474307
0.07196230000045034,0.027568499997869367
0.0735852999969211,0.025986600001488114
0.0992298999990453,0.014743499999894993
0.09890680000171415,0.015265099998941878
0.09869849999813596,0.015616900000168243
0.09832830000232207,0.016141199997946387
0.09842719999869587,0.01619810000192956
0.09908269999868935,0.015575000001263106
0.09863179999956628,0.016197299999475945
0.09883700000136741,0.015991500000382075
0.0983786999968288,0.016637400000035996
0.09825619999901392,0.016898899997613626
0.09875910000118893,0.016475799999170704
0.09915229999751318,0.01613089999955264
0.11481240000284743,0.01511949999985518
0.11412810000183526,0.01622470000074827
0.11426099999880535,0.016168400001333794
0.11443969999891124,0.016105099999549566
0.11465719999978319,0.01599220000207424
0.11454799999773968,0.01624710000032792
0.11462170000231708,0.016584099997999147
0.11511999999856926,0.01611879999836674
0.11420189999989816,0.017275400001381058
0.11405829999785055,0.01754090000031283
0.11499579999872367,0.0165106000022206
0.1147333000008075,0.01690489999964484
0.1312426999975287,0.014593400002922863
0.1311137000011513,0.01533930000005057
0.13028630000189878,0.016666599996824516
0.1304137000006449,0.016868099999555852
0.13106429999970715,0.016312500003550667
0.13117020000208868,0.016250299999228446
0.13062079999872367,0.01724860000103945
0.1313614000027883,0.016462199997477
0.13129530000151135,0.016661499998008367
0.13054489999922225,0.017672400001174537
0.13018110000120942,0.018725699999777135
0.13003410000237636,0.018964799997775117
0.14707559999806108,0.014377300001797266
0.14857190000111586,0.01293449999866425
0.1477433000000019,0.013941899997007567
0.14719809999951394,0.014824400001089089
0.1482322000010754,0.014856900001177564
0.14765220000117552,0.015602699997543823
0.14639990000068792,0.017009899998811306
0.14608829999997397,0.017421600001398474
0.14782579999882728,0.015623300001607276
0.14852669999891077,0.015071699999680277
0.14674769999692217,0.017267000002902932
0.14729390000138665,0.016766099997767014
0.16151369999715826,0.015059300003485987
0.16377880000072764,0.012768000000505708
0.16344329999992624,0.013212900001235539
0.1632099999987986,0.01359500000035041
0.16308790000039153,0.013908900000387803
0.1630308000021614,0.014058000000659376
0.161744600001839,0.015560299998469418
0.16313929999887478,0.01429180000195629
0.16144229999918025,0.01653970000188565
0.16370509999978822,0.014335799998661969
0.1619165999982215,0.016627299999527168
0.16326289999778965,0.015384199999971315
0.17648600000029546,0.015553400000499096
0.17655160000140313,0.0157312000010279
0.1766033999992942,0.015745100001367973
0.17823759999737376,0.014046900003449991
0.17789780000020983,0.014463299998169532
0.17771089999951073,0.014718700000230456
0.17726440000114962,0.015379099997517187
0.1768353000006755,0.01595399999860092
0.17843070000162697,0.01450959999783663
0.17675790000066627,0.016446400000859285
0.1770879999967292,0.016196500000660308
0.17688670000279672,0.01653689999875496
0.19223390000115614,0.015570899999147514
0.19280169999910868,0.015122699998755706
0.19190069999967818,0.016286400001263246
0.19255010000051698,0.015626600001269253
0.192078500000207,0.016297099999064812
0.19213410000156728,0.016472200000862358
0.19220320000022184,0.016662499998346902
0.19226359999811393,0.016651800000545336
0.1924661000011838,0.016626199998427182
0.19301249999989523,0.016111799999634968
0.1931122999994841,0.016225700001086807
0.19288980000055744,0.016598199999862118
0.2098684000011417,0.01352229999974952
0.20787669999845093,0.015839200001209974
0.20916489999945043,0.014448600002651801
0.20807090000016615,0.015766100001201266
0.20885589999670628,0.014972100001614308
0.20863359999930253,0.015391500000987435
0.20867309999812278,0.015420600000652485
0.20896799999900395,0.015129499999602558
0.2079736999985471,0.016313400003127754
0.2084979999999632,0.015761599999677856
0.2081272000032186,0.016213699997024378
0.20778830000199378,0.016713199998775963
0.22346100000140723,0.01596090000020922
0.2240985999997065,0.015312299998186063
0.22386199999891687,0.015744500000437256
0.22362210000210325,0.016175199998542666
0.22396919999664533,0.01584460000231047
0.22351370000251336,0.016516899999260204
0.22370740000042133,0.016371300000173505
0.22394489999715006,0.01622500000303262
0.22392069999841624,0.01638890000322135
0.22404720000122325,0.016283899996778928
0.22356669999862788,0.017097899999498622
0.22400099999867962,0.016668500000378117
0.2393408999996609,0.014930000001186272
0.23965669999961392,0.015771000002132496
0.23939620000237483,0.016257199997198768
0.23927290000210633,0.015653099999326514
0.2396298999992723,0.015378899999632267
0.23917250000158674,0.016020799997932045
0.23959850000028382,0.016583800002990756
0.23896660000173142,0.016531000001123175
0.23952899999858346,0.015991799999028444
0.23931160000211094,0.017380399996909546
0.23944349999874248,0.017284100002143532
0.23905730000115,0.01722700000027544
0.2544080000006943,0.015650099998310907
0.25535990000207676,0.014483899998595007
0.2548860999995668,0.01523540000198409
0.25541729999895324,0.014544100002240157
0.25581590000001597,0.01418520000152057
0.2545267999994394,0.015945499999361346
0.25481800000125077,0.0159639999983483
0.2549698000002536,0.01578019999942626
0.2550374999991618,0.015768299999763258
0.2546232000022428,0.016417099999671336
0.2551390000007814,0.015751200000522658
0.2552302000003692,0.015710800002125325
0.27049819999956526,0.014071400000830181
0.26981249999880674,0.01533940000081202
0.2705502999997407,0.014579200000298442
0.27034740000090096,0.01496430000042892
0.270601499996701,0.014794300001085503
0.26973569999972824,0.015998500002751825
0.27045279999947525,0.015420600000652485
0.2696877999987919,0.01674970000021858
0.26997259999916423,0.01662940000096569
0.2698687999982212,0.01690940000116825
0.27039000000149827,0.016431799998827046
0.26992629999949713,0.017184299998916686
0.28655240000080084,0.013714000000618398
0.28537280000091414,0.01527429999987362
0.28638430000137305,0.014334100000269245
0.28510800000003655,0.01583750000281725
0.28500739999799407,0.01605760000165901
0.2861521000013454,0.014909199999237899
0.2854979000003368,0.015725499997643055
0.28519020000021555,0.016176000000996282
0.28652429999783635,0.014827700000751065
0.28471349999745144,0.016877500002010493
0.28580409999995027,0.015763899999001296
0.2867670999985421,0.01489690000016708
0.3011833000018669,0.018744599998171907
0.3011445000011008,0.018923200001154328
0.30106160000286764,0.019076599997788435
0.3008687000001373,0.01934859999892069
0.30077929999970365,0.019499499998346437
0.3006170000007842,0.01975030000176048
0.3200985000003129,0.02479959999982384
0.32007330000124057,0.024936900001193862
0.3200520999998844,0.02502960000128951
0.3200246000014886,0.02512139999817009
0.31999590000123135,0.025212699998519383
0.319957700001396,0.02531230000022333
0.30125479999696836,0.04649720000088564
0.30098390000057407,0.04699149999942165
0.30070340000020224,0.048059100001410116
0.30036919999838574,0.04865630000131205
0.30048470000110683,0.04869509999844013
0.30147740000029444,0.04761819999839645
0.34506450000117184,0.01869819999774336
0.3449798000001465,0.018996300001163036
0.34879799999907846,0.01505669999824022
0.3487085999986448,0.015233600002829917
0.34856030000082683,0.015454699998372234
0.34503849999964586,0.019271900000603637
0.3449384000014106,0.019511599999532336
0.3450103000031959,0.01955209999869112
0.3475616999967315,0.01699450000160141
0.3450905999998213,0.019623600001068553
0.3476465999992797,0.017073400002118433
0.34838460000173654,0.016490699999849312
0.3646258000007947,0.014927500000339933
0.36446580000119866,0.015239200001815334
0.36435789999814006,0.015471900002012262
0.36391400000138674,0.016073799997684546
0.363878799998929,0.01619859999846085
0.3638415999994322,0.016516300001967466
0.3644402000027185,0.016015199998946628
0.36409229999844683,0.016524300001037773
0.3642914000010933,0.01639199999772245
0.36415520000082324,0.01663379999808967
0.3636944999998377,0.01727989999926649
0.36378289999993285,0.017420800002582837
0.38011919999917154,0.01520140000138781
0.37968009999895,0.015974699999787845
0.38049229999887757,0.015150399998674402
0.3797405000004801,0.01616669999930309
0.3805304999987129,0.015345399999205256
0.3805988000021898,0.015354999999544816
0.38033680000080494,0.015892200000962475
0.37981090000175755,0.016576599999098107
0.3804130999997142,0.016175400000065565
0.38085489999866695,0.015770800000609597
0.3798668000017642,0.01698509999914677
0.3796266999997897,0.01736480000181473
0.3966307000009692,0.016904000000067754
0.3965736999998626,0.017170000002806773
0.39614910000091186,0.017704300000332296
0.39572989999942365,0.01824490000217338
0.3954940000003262,0.01857179999933578
0.3953492999971786,0.019312800002808217
0.396062299998448,0.021016700000473065
0.39649289999942994,0.020791499999177177
0.3957879999979923,0.02183340000192402
0.39557849999982864,0.022140100001706742
0.395862199999101,0.021884800000407267
0.39639810000153375,0.021339200000511482
0.41379260000030627,0.013090199998259777
0.4136655000002065,0.013410799998382572
0.41372319999936735,0.013395300000411225
0.41375540000080946,0.013402000000496628
0.41439790000003995,0.012906399999337737
0.4139357999993081,0.013559600000007777
0.41750080000201706,0.02432319999934407
0.4268335999986448,0.015187300003162818
0.4174802000015916,0.024673599997186102
0.4268807000007655,0.01545829999668058
0.4272978000008152,0.015085899998666719
0.41740909999862197,0.025241800001822412
0.4271416000010504,0.015472399998543551
0.41737709999870276,0.02549890000227606
0.4269384999970498,0.015899800000624964
0.4169620999964536,0.02627530000245315
0.4171509000007063,0.026127299999643583
0.4268912999978056,0.01644970000052126
0.4422253000011551,0.015394499998365063
0.44289190000199596,0.014886699998896802
0.4424232999990636,0.015630699999746867
0.4431298000017705,0.014950999997381587
0.44250950000059674,0.015747500001452863
0.4419938999999431,0.016472499999508727
0.44192069999917294,0.01667730000190204
0.44293200000174693,0.015591300001688069
0.4426802999987558,0.015976500002579996
0.4418050999993284,0.017124300000432413
0.4423306999997294,0.0166218000013032
0.442594399999507,0.0164111000012781
0.4580978999983927,0.015504500002862187
0.45759349999934784,0.016477400000439957
0.4582306000011158,0.01625910000075237
0.4579587999978685,0.016756299999542534
0.4577696999986074,0.017071000002033543
0.45831120000002556,0.016849899999215268
0.45871790000092005,0.01721460000044317
0.45862920000217855,0.017421900000044843
0.45843560000139405,0.017725999998219777
0.45802959999855375,0.01844350000101258
0.45856560000174795,0.01808799999707844
0.4583660999996937,0.01859379999950761
0.47473790000003646,0.014549199997418327
0.4761715999993612,0.013400499999988824
0.47586840000076336,0.013929299999290379
0.4738628000013705,0.01633379999839235
0.47647589999905904,0.01379070000257343
0.47370349999982864,0.01694359999964945
0.4759797000006074,0.014709099999890896
0.4759304999970482,0.014879000002110843
0.47672310000052676,0.014097799998125993
0.4750136000002385,0.016006400001060683
0.4744957000002614,0.01678199999878416
0.47439229999872623,0.01696349999838276
0.4905703000003996,0.0143013000015344
0.4906261000032828,0.014543799999955809
0.49075149999771384,0.0145702000008896
0.49021880000145757,0.015301700001145946
0.49096909999934724,0.014542100001563085
0.4894165999976394,0.01646180000170716
0.48969949999809614,0.016283699998894008
0.4910063999996055,0.014929400000255555
0.49039450000054785,0.01599750000241329
0.49068130000159726,0.01578739999968093
0.4895467999995162,0.01711769999747048
0.49001480000151787,0.01683769999726792
0.5058339000024716,0.014774999999644933
0.5057503999996698,0.015198199998849304
0.5062044000005699,0.015176000000792556
0.5052805999985139,0.016319800000928808
0.5065670000003593,0.01498399999763933
0.5056334999972023,0.016171000002941582
0.5049518000014359,0.01705999999830965
0.5054662000002281,0.01655169999867212
0.5051155000001017,0.017021799998474307
0.5063411999981327,0.015719099999842
0.5062876000010874,0.015849100000195904
0.5053823999987799,0.017063999999663793
0.5216303000015614,0.014928999997209758
0.5218256000007386,0.015010700000857469
0.5206976000008581,0.01646949999849312
0.5221458000014536,0.015007899997726781
0.5217904000019189,0.01563979999991716
0.5211902999981248,0.01661420000164071
0.5214883000007831,0.016397300001699477
0.5213226000014402,0.016681099998095306
0.5219276999996509,0.016033100000640843
0.5218860000022687,0.016185099997528596
0.5214188999998441,0.017080500001611654
0.5217257000003883,0.016828100000566337
0.5378928000027372,0.014240499996958533
0.5373528999989503,0.015038699999422533
0.5367972000021837,0.01575099999899976
0.5370015000007697,0.01563979999991716
0.5377393999988271,0.014905600000929553
0.5371627000022272,0.015737599998828955
0.5382747000003292,0.014571299998351606
0.5378170000003593,0.015253900000971043
0.5366642000008142,0.016667399999278132
0.5382086999998137,0.015076499999850057
0.5376049000005878,0.0159179000002041
0.5376744999994116,0.015930699999444187
0.5532569999995758,0.013720200000534533
0.5523301000030187,0.014998700000433018
0.552916999997251,0.014423200002056547
0.5526721999995061,0.01485070000126143
0.5533402000000933,0.014157999998133164
0.5531269000020984,0.014478799999778857
0.5525110999988101,0.015239000000292435
0.552430200001254,0.015427900001668604
0.5530042999998841,0.014859300001262454
0.5527499000017997,0.015251900000293972
0.55224090000047,0.01592999999775202
0.5521625000001222,0.0162105999988853
0.5678315000004659,0.01897350000217557
0.5676094000009471,0.019366399999853456
0.5671039999979257,0.020060400001966627
0.567384599999059,0.020547200001601595
0.5676800000001094,0.020510899998043897
0.5672588999987056,0.021547200001805322
0.5880809000009322,0.020443999997951323
0.5877608999981021,0.020905200002744095
0.5869015999996918,0.02185059999828809
0.5869375000002037,0.021841499998117797
0.5868573000007018,0.021999199998390395
0.5679952999998932,0.041577700001653284
0.5677648999990197,0.042206800000712974
0.5674957000010181,0.042627399998309556
0.5675374999991618,0.04263790000186418
0.5674400000025344,0.04283880000002682
0.5671875000007276,0.043215400000917725
0.5885693999989599,0.025026300001627533
0.6135026000010839,0.015827499999431893
0.6085765000025276,0.02115639999829
0.6097294000028342,0.019985799997812137
0.6086462999992364,0.021255900002870476
0.6098351000000548,0.020039600000018254
0.6086738999983936,0.021399799999926472
0.6097819999995409,0.02030410000224947
0.6086168000001635,0.02178759999878821
0.6087023000000045,0.021781200000987155
0.6099286999997275,0.0205123999985517
0.6093913999975484,0.021249800000077812
0.6098811000010755,0.020788900001207367
0.6303456000023289,0.014805999999225605
0.6302011000007042,0.015144199998758268
0.6301017999976466,0.015334200001234422
0.6297489999997197,0.01586189999943599
0.6294039999993402,0.016361800000595395
0.6299136000016006,0.01588149999952293
0.6295900000004622,0.01636299999881885
0.6302605999990192,0.015671699999074917
0.6295141000009608,0.01680599999963306
0.6304216999997152,0.015778799999679904
0.6296698000005563,0.01675289999911911
0.6298232000008284,0.016687999999703607
0.6460521000008157,0.014879599999403581
0.645782199997484,0.015365700000984361
0.6453138000033505,0.016009099999791943
0.6462159999973665,0.015123699999094242
0.6452700999980152,0.016327400000591297
0.6452080999988539,0.0165223000003607
0.6454350999993039,0.0163579000000027
0.6456862000013643,0.016095200000563636
0.6460118000031798,0.01584769999681157
0.6454995000021881,0.016506399999343557
0.6460951000008208,0.015871100000367733
0.6456235000005108,0.016594199998507975
0.6617617999982031,0.014949200001865393
0.6614751000015531,0.015469299996766495
0.6612980999998399,0.01595390000147745
0.6616867999982787,0.015521400000579888
0.661925100001099,0.015282699998351745
0.6617311999980302,0.015590399998473004
0.6611494999997376,0.01642369999899529
0.661078200002521,0.016599499998847023
0.6610053000003973,0.01678890000039246
0.6613596999995934,0.01640640000186977
0.6615775000027497,0.01617669999905047
0.6615513000033388,0.016260499996860744
0.6774938000016846,0.014994199998909608
0.676815799997712,0.016081699999631383
0.6770695000013802,0.01590810000197962
0.6774498999984644,0.015493099999730475
0.6767667000021902,0.016390899996622466
0.677296000001661,0.015827899998839712
0.6770899000002828,0.016191800001251977
0.6771819999994477,0.016267499999230495
0.6775186999984726,0.015909000001556706
0.6773651000003156,0.016182999999728054
0.6774676000022737,0.016134699999383884
0.6771432000023196,0.016616499997326173
0.6933323999983259,0.014943400001357077
0.6929118000007293,0.015697900002123788
0.6925888000005216,0.016181999999389518
0.6927914999978384,0.016020800001570024
0.6928461999996216,0.016054399999120506
0.6934122000020579,0.015456900000572205
0.6929641999995511,0.01614530000006198
0.6932531999991625,0.015970300002663862
0.6934622000007948,0.01578220000010333
0.693049699999392,0.016402400000515627
0.6927274000008765,0.01691009999922244
0.6933054000000993,0.016313799998897593
0.7093539999987115,0.014631599999120226
0.7084901000016544,0.01585699999850476
0.7092632999992929,0.015016400000604335
0.7087151000014273,0.015786299998580944
0.7091198000016448,0.015500299999985145
0.7083566000001156,0.01647439999942435
0.7085586000030162,0.016352200000255834
0.7087721999996575,0.016187699999136385
0.7086194000003161,0.016468000001623295
0.7089396999981545,0.016225499999563908
0.7090539999990142,0.01617669999905047
0.709187500000553,0.016066000000137137
0.7250131000000692,0.015062700000271434
0.7248681999990367,0.015683699999499368
0.7249363000009907,0.015711599997302983
0.7247548000013921,0.01604850000148872
0.7246983999975782,0.016229200002271682
0.7241174999981013,0.017590300001756987
0.7245935999999347,0.018307199999981094
0.7244876000004297,0.019954999999754364
0.7244534000019485,0.02023900000131107
0.7242723000017577,0.02091689999724622
0.7242341999990458,0.02822530000048573
0.7240372999985993,0.029042199999821605
0.7449405000006664,0.010979300001054071
0.7444586000019626,0.011575599997740937
0.7443707000020368,0.011731200000212993
0.7427972999976191,0.013371600001846673
0.7414830000016082,0.015251900000293972
0.7408104999994976,0.016071100002591265
0.7407345999999961,0.016219000001001405
0.740638700001,0.01637760000085109
0.7405318999990413,0.01654889999917941
0.7404141000006348,0.016729599999962375
0.7560367000005499,0.015445299999555573
0.7559709999986808,0.01578220000010333
0.7527177999982086,0.01915500000177417
0.7560040999997,0.015884399999777088
0.752313500001037,0.019700000000739237
0.7559287000003678,0.016118200001074
0.7567603000024974,0.015340800000558374
0.7565830000021379,0.015810500000952743
0.756709299999784,0.015771100002893945
0.7567345999996178,0.01578689999951166
0.7567877000001317,0.015762299997732043
0.7566823000015575,0.015989499999705004
0.7717644000003929,0.015547099999821512
0.771804299998621,0.015604600001097424
0.771714599999541,0.01577280000128667
0.7716662000020733,0.015883399999438552
0.7716049000009662,0.01600730000063777
0.7714670999994269,0.016204400002607144
0.7723824000022432,0.016330899998138193
0.7723576999997022,0.016457600002468098
0.7723361999996996,0.016566500002227258
0.7722932000033325,0.016669599997840123
0.772184000001289,0.016841599997860612
0.7720007000025362,0.017087000000174157
0.7873035000011441,0.015665499999158783
0.7872991000003822,0.015853099997912068
0.7872715999983484,0.015951199999108212
0.7872479999969073,0.016048700003011618
0.7872262000018964,0.016139200000907294
0.7872024999996938,0.016238700001849793
0.788703499998519,0.019366100001207087
0.7886772000019846,0.019548000000213506
0.7886518000013893,0.019639800000732066
0.7886256999991019,0.019727800001419382
0.7885980999999447,0.019816399999399437
0.7885687999987567,0.019911399998818524
0.8081199000007473,0.01064339999720687
0.8031096000013349,0.015963399997417582
0.8030832000004011,0.01613290000022971
0.808049100000062,0.011217900002520764
0.8081988000012643,0.011039400000299793
0.8030544000030204,0.016383199999836506
0.8029391999989457,0.016625000000203727
0.8081482999987202,0.011358799998561153
0.8030189000019163,0.01671859999987646
0.8081744000010076,0.011493300000438467
0.808094500000152,0.011805800000729505
0.8029830000014044,0.01711040000009234
0.8194673999969382,0.015157699999690522
0.8189773000012792,0.015981399999873247
0.8195301000014297,0.015397899998788489
0.8193011000003025,0.01580160000230535
0.8197591999996803,0.015516999999817926
0.8193998000024294,0.016010399998776847
0.8191775999985111,0.01634110000304645
0.8190867000012076,0.01651299999866751
0.8196785000000091,0.01588850000189268
0.8191484999988461,0.016739599999709753
0.8188412999988941,0.017151100000774022
0.8192302999996173,0.0168615000002319
0.8351913000005879,0.015208000000711763
0.8349053999991156,0.015720700001111254
0.8355733999997028,0.014931800000340445
0.8353639999986626,0.01523539999834611
0.8349395000004733,0.01588170000104583
0.8352529000003415,0.015670100001443643
0.835550300002069,0.015467399996850872
0.835213999998814,0.015999299997929484
0.8347084999986691,0.01682250000158092
0.834788899999694,0.01687320000200998
0.8357471999988775,0.016008400001737755
0.835280999999668,0.016711800002667587
0.8515272000004188,0.014413600001716986
0.8511768999997003,0.015367500000138534
0.8516423999972176,0.01497190000009141
0.850419200000033,0.016507299998920644
0.8508054000012635,0.016110799999296432
0.8506851000020106,0.01658830000087619
0.8503636000023107,0.017143699998996453
0.8504482999996981,0.01712029999907827
0.8502936999975645,0.017565400001331
0.8508841999973811,0.016894200001843274
0.8505287000007229,0.017483999999967637
0.8510444999992615,0.016990799998893635
0.8670287999993889,0.013685700003406964
0.8672083999990718,0.013649099997564917
0.8677054999971006,0.013126600002578925
0.867639699998108,0.013344200000574347
0.8674182000031578,0.01370139999926323
0.8662087000011525,0.01520650000020396
0.8674995000001218,0.013794299997243797
0.8665626000001794,0.014964999998483108
0.8667179000003671,0.014852299998892704
0.866616300001624,0.015208199998596683
0.8664925000011863,0.015542400000413181
0.8671243999997387,0.014895299998897826
0.8816055999996024,0.014750900001672562
0.8806636999979673,0.016034800002671545
0.881206199999724,0.015466700002434663
0.8809765000005427,0.015860799998336006
0.880805100001453,0.016141099997184938
0.8807587000010244,0.016301999999996042
0.8812605000020994,0.01577019999967888
0.8810558000004676,0.016131100001075538
0.8808929000006174,0.016400399999838555
0.8817039999994449,0.01549430000159191
0.8815485000013723,0.01578449999942677
0.8811313000005612,0.01657369999884395
0.8969379999980447,0.015243100002408028
0.8964153999986593,0.016036800003348617
0.896784900000057,0.01565380000101868
0.8964806000003591,0.016127099999721395
0.8971171999983198,0.015405199999804609
0.8965466999979981,0.01628020000134711
0.8974122999970859,0.015340000001742737
0.896632399999362,0.016361900001356844
0.8966942000006384,0.01656150000053458
0.8968869999989693,0.016456400000606664
0.8970472999972117,0.01631230000202777
0.897006600000168,0.01647210000010091
0.913240500001848,0.014627000000473345
0.9121768000004522,0.016094900001917267
0.9125993999987259,0.015716000001702923
0.9123797000029299,0.016023599997424753
0.9122479999969073,0.01628820000041742
0.9124422000022605,0.016140099996846402
0.9127468999977282,0.0158424000001105
0.9130138000000443,0.01560329999847454
0.9123094999995374,0.016523900001629954
0.9131627000024309,0.015601399998558918
0.9131068999995477,0.01571479999984149
0.9126720999993267,0.01632439999957569
0.9280782999994699,0.015759400001115864
0.9282194000006712,0.01575790000060806
0.9285971999997855,0.01537580000149319
0.9283016999979736,0.01589330000206246
0.9286172000029183,0.015533300000242889
0.928550799999357,0.015730200000689365
0.9279433000010613,0.01656580000053509
0.928445900000952,0.016073900002083974
0.928422099997988,0.016182900002604583
0.9287279999989551,0.01595670000097016
0.9281859000002441,0.01675990000148886
0.9283821999997599,0.016562400000111666
0.9434932000003755,0.01573929999722168
0.9440290999991703,0.014956700000766432
0.9440410999995947,0.015037900000606896
0.9437304000020958,0.0156059999972058
0.9438359000014316,0.015493499999138294
0.9439630999986548,0.015374800001154654
0.9436390999981086,0.016004200002498692
0.9435277999982645,0.01630270000168821
0.9438293999992311,0.01597830000173417
0.943748499998037,0.0168803000015032
0.9436199000010674,0.016606799999863142
0.9436940999985381,0.016550200001802295
0.9590562000012142,0.015521899997111177
0.9589860999985831,0.015839300001971424
0.9591504999989411,0.015614500000083353
0.9594303000012587,0.01543859999947017
0.9592943000025116,0.01569079999899259
0.9595300999972096,0.015389000000141095
0.9594562999991467,0.015596799999912037
0.9589871000025596,0.016487099997902988
0.9588871999985713,0.016727300000638934
0.958814199999324,0.016911799997615162
0.959032800001296,0.01665810000122292
0.9590934999978344,0.016557900002226233
0.9749406999981147,0.015107900002476526
0.9747465000000375,0.015687000002799323
0.9747403999972448,0.01583089999985532
0.9750335000026098,0.015371899997262517
0.974842700001318,0.015807799998583505
0.9747045000003709,0.01622779999888735
0.9749100000008184,0.015916100001049927
0.9747931999991124,0.01621510000040871
0.974551800001791,0.01669209999818122
0.9750266000010015,0.0159706999984337
0.9743964000008418,0.017235899998922832
0.9744739000016125,0.01725810000061756
0.9905527999981132,0.0150223000018741
0.9902256999994279,0.015834800000448013
0.9900942000022042,0.0161523999995552
0.9905799000007391,0.015336399999796413
0.9905188000011549,0.015549100000498584
0.9901710999984061,0.016219299999647774
0.990817199999583,0.015280200001143385
0.9904734999981883,0.015880400002060924
0.9902949999996054,0.0163239000030444
0.9903623999998672,0.016346899999916786
0.9909145999990869,0.01555450000159908
0.9904421999999613,0.016460500002722256
1.0060308000029181,0.017610399998375215
1.005941300001723,0.017965899998671375
1.0057952999995905,0.0183035000009113
1.0057138999982271,0.018663300001207972
1.005763699999079,0.01857459999882849
1.005541999998968,0.0190772999994806
1.0058589999971446,0.018830100001650862
1.00618459999896,0.021842499998456333
1.0060465999995358,0.024684500000148546
1.0056704000016907,0.025744399998075096
1.0057406999985687,0.02618860000075074
1.0057113000002573,0.026330500000767643
1.0238977000008163,0.01275079999686568
1.0242439999965427,0.012796300001355121
1.0238265000007232,0.013535300000512507
1.0238790000003064,0.013580200000433251
1.0237785999997868,0.013836400001309812
1.0236800999991829,0.01412980000168318
1.0239226999983657,0.01384909999978845
1.037148999999772,0.014990899999247631
1.0370499000018754,0.015686499998992076
1.0368725999978778,0.01645980000103009
1.036895099998219,0.016865599998709513
1.036770599999727,0.01762790000066161
1.036421299999347,0.018512099999497877
1.0310862999976962,0.025211300002411008
1.0311880000008387,0.02536569999938365
1.030609800000093,0.026051799999549985
1.030511499997374,0.02685629999905359
1.0277695000004314,0.029737499997281702
1.0367263999978604,0.020494799999141833
1.0522108999975899,0.016055000000051223
1.0541636000016297,0.014326799999253126
1.0566825999994762,0.011914399998204317
1.0559547000011662,0.012815400001272792
1.0559238999994704,0.012933099998917896
1.0559872000012547,0.012913499998830957
1.0567455000018526,0.012250499999936437
1.0546123999993142,0.014619400000810856
1.0536825000017416,0.015727900001365924
1.0532523000001675,0.016238500000326894
1.0527290999998513,0.016945300001680152
1.0567178999990574,0.012780299999576528
1.0682041000000027,0.01557640000100946
1.0686308999975154,0.01524269999936223
1.0687304999992193,0.01521850000062841
1.0690112999982375,0.014995400000771042
1.0684446999985084,0.015856499998335494
1.0688938999992388,0.015424400000483729
1.0689445999996678,0.01543880000099307
1.069163899999694,0.01523319999978412
1.068983199998911,0.015641300000424962
1.0692629000004672,0.015400899999804096
1.0686657999976887,0.016246000002865912
1.0685596000002988,0.01645989999815356
1.0841815999992832,0.014437699999689357
1.0844183999979577,0.014688000002934132
1.084558599999582,0.014786600000661565
1.0846130000027188,0.014941499997803476
1.0841198000016448,0.015643499998986954
1.0837801000016043,0.016110000000480795
1.0840294000008726,0.01593229999707546
1.0844924000011815,0.015984099998604506
1.0842440000014903,0.016419799998402596
1.083606600001076,0.017278299997997237
1.0836825000005774,0.017303699998592492
1.0839307000023837,0.017313099997409154
1.0995837000009487,0.015041200000268873
1.1003797000012128,0.01465009999810718
1.099326600000495,0.015947200001392048
1.0995135000011942,0.01592489999893587
1.1006202999997186,0.014820199998212047
1.0996455000022252,0.016131600001244806
1.1008882000023732,0.015266599999449681
1.099729199999274,0.0167550999976811
1.1004735999995319,0.016120500000397442
1.1005239000005531,0.016143299999384908
1.0991056000020762,0.018104399998264853
1.0988646000005247,0.018694899998081382
1.1155505999995512,0.013460999998642365
1.1149449000004097,0.014506600000459002
1.1162782999999763,0.013204800001403783
1.1153752999998687,0.014245200000004843
1.1147607999992033,0.015033200001198566
1.1152397000005294,0.014560799998434959
1.1150845000011032,0.014880699996865587
1.11640030000126,0.013645299997733673
1.117119400001684,0.013006000001041684
1.1168347999991965,0.013426800000161165
1.1164852000001702,0.014012799998454284
1.1161197000001266,0.014609500001824927
1.1295172999998613,0.015301600000384497
1.1304388999997173,0.014560999999957858
1.129391400001623,0.015923499999189517
1.1295647000006284,0.015817899999092333
1.1298828999970283,0.01563660000101663
1.1291836999989755,0.016598999998677755
1.130291400000715,0.015569099999993341
1.1297172000013234,0.01635330000135582
1.1299933000009332,0.016155699999217177
1.1294476999973995,0.016935499999817694
1.129276600000594,0.01737879999927827
1.1301007000001846,0.01669409999885829
1.1457764000006136,0.014951900000596652
1.1466005000002042,0.01439340000069933
1.1463345000011032,0.014751299997442402
1.145846100000199,0.015393500001664506
1.1450135999984923,0.016454399999929592
1.146080800001073,0.015365499999461463
1.1449020999971253,0.016778400000475813
1.1452210000024934,0.016497999997227453
1.1450982000023942,0.016786899999715388
1.1453924999987066,0.016821199998958036
1.1459451999980956,0.016512499998498242
1.1454993999977887,0.017249700002139434
1.1611273000016809,0.013784200000372948
1.1611125999988872,0.015706599999248283
1.1609523000006448,0.015256999999110121
1.1609471999981906,0.014608599998609861
1.160845899998094,0.015763499999593478
1.1612203000004229,0.016189300000405638
1.1613039000003482,0.015539300002274103
1.1610156999995525,0.016701299999112962
1.1609157999992021,0.0169677000012598
1.1612616999991587,0.01648130000103265
1.1609795999975177,0.01735499999995227
1.1613040999982331,0.01716360000136774
1.1760785000005853,0.014501600002404302
1.1753860999997414,0.015440600000147242
1.1759825999979512,0.01488950000202749
1.1757322999983444,0.015267700000549667
1.1754507000005106,0.015648399999918183
1.175311099999817,0.015931699999782722
1.1766250999971817,0.014765400002943352
1.176246800001536,0.015248499999870546
1.1752212999999756,0.016668899999785936
1.1768255999995745,0.0150052000026335
1.1758508999992046,0.016172200001165038
1.1761617000011029,0.015940299999783747
1.1918224000000919,0.014340800000354648
1.1912458999977389,0.01518920000307844
1.1916498000027786,0.014839899999060435
1.1908643999995547,0.015921600002911873
1.1909662999969441,0.01590530000248691
1.1915321000014956,0.01533940000081202
1.190843500000483,0.016393699999753153
1.1917011000005004,0.015468900000996655
1.1906601999980921,0.01685900000302354
1.1905987999998615,0.017075899999326793
1.1913155999973242,0.016427400001703063
1.1907458000023325,0.017246699997485848
1.207450499998231,0.018115399998350767
1.2067078000000038,0.01914500000202679
1.2075417999985802,0.01849650000076508
1.2071515999996336,0.019126400002278388
1.2070223000009719,0.019362099999852944
1.2065903000002436,0.019962599999416852
1.2069340999987617,0.019751700001506833
1.2072251999998116,0.019485299999359995
1.206396000001405,0.02059989999906975
1.2066649999978836,0.020416600000316976
1.206313599999703,0.021529300000111107
1.2062312999987626,0.021762600001238752
1.227481700003409,0.01444429999901331
1.2263152999985323,0.016073099999630358
1.2262298999994528,0.016274599998723716
1.226160300000629,0.01644490000035148
1.2260802000018884,0.016628599998512072
1.2256434999981138,0.022971900001721224
1.2267191000028106,0.02189129999896977
1.226585199998226,0.022117900000012014
1.2264886999982991,0.022283800000877818
1.2258247999998275,0.023082899999280926
1.2267926999993506,0.02201440000135335
1.2275788999977522,0.027095500001451
1.2423587000012049,0.012788300002284814
1.2422986000019591,0.013397499998973217
1.242176700001437,0.014150599999993574
1.2555164999976114,0.01195460000235471
1.2424934999980906,0.025284499999543186
1.256119600002421,0.01153639999756706
1.2485134000016842,0.01934880000044359
1.2424203999980818,0.025587000000086846
1.248545300000842,0.01945009999690228
1.248409800002264,0.019770599999901606
1.2550042000002577,0.01311139999961597
1.2485869000011007,0.019638099998701364
1.2485694000024523,0.01984969999830355
1.2545447000011336,0.013910199999372708
1.2484710999997333,0.020148200001131045
1.2682604000001447,0.014823499997874023
1.2681832000016584,0.015093599999090657
1.2679291000022204,0.015447599998879014
1.2678033000011055,0.01563509999687085
1.2680407999978343,0.015392900000733789
1.2676892000017688,0.01587690000087605
1.2682496999987052,0.017818000000261236
1.267625799999223,0.018659500001376728
1.2677478000005067,0.0185602999990806
1.2679702999994333,0.018348699999478413
1.2675237000003108,0.019017599999642698
1.267594699998881,0.018977300002006814
1.285992699999042,0.012979700000869343
1.2861232000032032,0.013047000000369735
1.2832320999987132,0.01619080000091344
1.2861506000008376,0.013196299998526229
1.2859252000016568,0.013551000000006752
1.2832583999988856,0.01632919999974547
1.2831355999987863,0.016623499999695923
1.2831767000025138,0.01667749999978696
1.2832057000014174,0.016681199998856755
1.2860347999994701,0.013774800001556287
1.285955899998953,0.013988000002427725
1.2832873999977892,0.01673760000267066
1.2997017000016058,0.015315699998609489
1.2992926999977499,0.016224300001340453
1.2993695000004664,0.016229000000748783
1.299559600000066,0.016113000001496403
1.2994350000008126,0.016443399999843678
1.2992499000029056,0.017177699999592733
1.2996795999970345,0.016709800001990516
1.2990155999978015,0.01770780000151717
1.2991389999988314,0.017845300000772113
1.2995979000006628,0.017445600002247375
1.2995263000011619,0.01775659999839263
1.2993156999982602,0.018208100002084393
1.3168893000001844,0.012700100000074599
1.3155969999970694,0.014462099999946076
1.3152627999988908,0.014933999998902436
1.3153614000002563,0.014871100000164006
1.3167190999993181,0.013438400001177797
1.3162125000017113,0.01405230000091251
1.3164489999981015,0.013913800001319032
1.3163230999998632,0.014155199998640455
1.3170982999981788,0.013361900000745663
1.3154618000007758,0.015252699999109609
1.3172317999997176,0.013388399998802925
1.315747000000556,0.01506149999841
1.3303942999991705,0.015060499998071464
1.3300538000003144,0.01583519999985583
1.3302863000026264,0.015904299998510396
1.3299439999973401,0.016580900002736598
1.3299862000021676,0.0166966999968281
1.3302605999997468,0.016866800000570947
1.329649999999674,0.017779800000425894
1.3304780999969807,0.016838000003190245
1.3300182000020868,0.017537899999297224
1.3301831999997376,0.01763129999744706
1.3300159999998868,0.018045299999357667
1.3304274000001897,0.0177350000012666
1.345912100001442,0.015563299999485025
1.345659999999043,0.01618619999862858
1.3471180999986245,0.014887699999235338
1.3472357000027841,0.015075299997988623
1.3463475999997172,0.016206100000999868
1.3470142999976815,0.015654599999834318
1.3464869000017643,0.016313199997966876
1.3461486000014702,0.016746099998272257
1.3473104000004241,0.015545499998552259
1.3479703000011796,0.014957199997297721
1.3476059999993595,0.015478199999051867
1.3477316999997129,0.015424500001245178
1.3616062000000966,0.015265300000464777
1.3623121000018727,0.014702099997521145
1.3628472999989754,0.01405710000108229
1.3627828999997291,0.014262699998653261
1.3625157000024046,0.014846199999738019
1.3625289000010525,0.014946399998734705
1.3622022999988985,0.015454100001079496
1.362581900000805,0.015018699999927776
1.361869000000297,0.016015400000469526
1.3627067999987048,0.0150684000000183
1.3624277999988408,0.01550429999770131
1.3615590999979759,0.01662890000079642
1.3774494999997842,0.014200699999491917
1.377468200000294,0.014701199997944059
1.377460700001393,0.014919099998223828
1.3771301999986463,0.015653300000849413
1.3775662999978522,0.015076499999850057
1.3768588999992062,0.016129299998283386
1.3773055999990902,0.01563709999754792
1.3768024000019068,0.016361699999833945
1.3772286000021268,0.01591559999724268
1.3773464000005333,0.01592479999817442
1.3769429999993008,0.016555599999264814
1.376687399999355,0.016944399998465087
1.391917299999477,0.015530399999988731
